{
  "most_common_words": [
    [
      "i",
      50
    ],
    [
      "love",
      25
    ],
    [
      "working",
      24
    ],
    [
      "with",
      24
    ],
    [
      "you",
      24
    ],
    [
      "thanks",
      24
    ],
    [
      "appreciate",
      24
    ],
    [
      "that",
      24
    ],
    [
      "had",
      1
    ],
    [
      "an",
      1
    ]
  ],
  "top_tfidf_terms": [
    [
      "i",
      48.03896434233595
    ],
    [
      "love",
      24.019482171167976
    ],
    [
      "working",
      24.0
    ],
    [
      "with",
      24.0
    ],
    [
      "you",
      24.0
    ],
    [
      "thanks",
      24.0
    ],
    [
      "appreciate",
      24.0
    ],
    [
      "that",
      24.0
    ],
    [
      "had",
      3.5257286443082556
    ],
    [
      "an",
      3.5257286443082556
    ]
  ],
  "total_unique_terms": 19,
  "total_conversations": 25,
  "analysis_timestamp": "2026-01-02T18:55:53.054188"
}